<?xml version="1.0" encoding="UTF-8"?>
<GenRun Id="synth_1" LaunchPart="xc7a35tcpg236-1" LaunchTime="1699101902">
  <File Type="PA-TCL" Name="INTEGRATOR_PLACEHOLDER.tcl"/>
  <File Type="REPORTS-TCL" Name="INTEGRATOR_PLACEHOLDER_reports.tcl"/>
  <File Type="RDS-RDS" Name="INTEGRATOR_PLACEHOLDER.vds"/>
  <File Type="RDS-UTIL" Name="INTEGRATOR_PLACEHOLDER_utilization_synth.rpt"/>
  <File Type="RDS-UTIL-PB" Name="INTEGRATOR_PLACEHOLDER_utilization_synth.pb"/>
  <File Type="RDS-DCP" Name="INTEGRATOR_PLACEHOLDER.dcp"/>
  <FileSet Name="sources" Type="DesignSrcs" RelSrcDir="$PSRCDIR/sources_1">
    <Filter Type="Srcs"/>
    <File Path="$PSRCDIR/sources_1/new/CLICK_DETECTOR.v">
      <FileInfo>
        <Attr Name="ImportPath" Val="$PPRDIR/../../../../../../../../../../../../../../../../CAPTCHA_CIRCLES.srcs/sources_1/new/CLICK_DETECTOR.v"/>
        <Attr Name="ImportTime" Val="1699047059"/>
        <Attr Name="UsedIn" Val="synthesis"/>
        <Attr Name="UsedIn" Val="implementation"/>
        <Attr Name="UsedIn" Val="simulation"/>
      </FileInfo>
    </File>
    <File Path="$PSRCDIR/sources_1/new/CLOCK_DIVIDER.v">
      <FileInfo>
        <Attr Name="ImportPath" Val="$PPRDIR/../../../../../../../../../../../../../../../../CAPTCHA_CIRCLES.srcs/sources_1/new/CLOCK_DIVIDER.v"/>
        <Attr Name="ImportTime" Val="1698036719"/>
        <Attr Name="UsedIn" Val="synthesis"/>
        <Attr Name="UsedIn" Val="implementation"/>
        <Attr Name="UsedIn" Val="simulation"/>
      </FileInfo>
    </File>
    <File Path="$PSRCDIR/sources_1/new/DISCOMBOBULATOR.v">
      <FileInfo>
        <Attr Name="ImportPath" Val="$PPRDIR/../../../../../../../../../../../../../../../../CAPTCHA_CIRCLES.srcs/sources_1/new/DISCOMBOBULATOR.v"/>
        <Attr Name="ImportTime" Val="1698913240"/>
        <Attr Name="UsedIn" Val="synthesis"/>
        <Attr Name="UsedIn" Val="implementation"/>
        <Attr Name="UsedIn" Val="simulation"/>
      </FileInfo>
    </File>
    <File Path="$PSRCDIR/sources_1/new/LFSR.v">
      <FileInfo>
        <Attr Name="ImportPath" Val="$PPRDIR/../../../../../../../../../../../../../../../../CAPTCHA_CIRCLES.srcs/sources_1/new/LFSR.v"/>
        <Attr Name="ImportTime" Val="1698680821"/>
        <Attr Name="UsedIn" Val="synthesis"/>
        <Attr Name="UsedIn" Val="implementation"/>
        <Attr Name="UsedIn" Val="simulation"/>
      </FileInfo>
    </File>
    <File Path="$PSRCDIR/sources_1/new/OLED_MANAGER.v">
      <FileInfo>
        <Attr Name="ImportPath" Val="$PPRDIR/../../../../../../../../../../../../../../../../CAPTCHA_CIRCLES.srcs/sources_1/new/OLED_MANAGER.v"/>
        <Attr Name="ImportTime" Val="1698916646"/>
        <Attr Name="UsedIn" Val="synthesis"/>
        <Attr Name="UsedIn" Val="implementation"/>
        <Attr Name="UsedIn" Val="simulation"/>
      </FileInfo>
    </File>
    <File Path="$PSRCDIR/sources_1/imports/Desktop/Oled_Display.v">
      <FileInfo>
        <Attr Name="ImportPath" Val="$PPRDIR/../../../../../../../../../../../../../../../../CAPTCHA_CIRCLES.srcs/sources_1/imports/Desktop/Oled_Display.v"/>
        <Attr Name="ImportTime" Val="1697455700"/>
        <Attr Name="UsedIn" Val="synthesis"/>
        <Attr Name="UsedIn" Val="implementation"/>
        <Attr Name="UsedIn" Val="simulation"/>
      </FileInfo>
    </File>
    <File Path="$PSRCDIR/sources_1/new/RIPPLES.v">
      <FileInfo>
        <Attr Name="ImportPath" Val="$PPRDIR/../../../../../../../../../../../../../../../../CAPTCHA_CIRCLES.srcs/sources_1/new/RIPPLES.v"/>
        <Attr Name="ImportTime" Val="1699025232"/>
        <Attr Name="UsedIn" Val="synthesis"/>
        <Attr Name="UsedIn" Val="implementation"/>
        <Attr Name="UsedIn" Val="simulation"/>
      </FileInfo>
    </File>
    <File Path="$PSRCDIR/sources_1/imports/Desktop/Mouse_Control.vhd">
      <FileInfo>
        <Attr Name="ImportPath" Val="$PPRDIR/../../../../../../../../../../../../../../../../CAPTCHA_CIRCLES.srcs/sources_1/imports/Desktop/Mouse_Control.vhd"/>
        <Attr Name="ImportTime" Val="1698919381"/>
        <Attr Name="UsedIn" Val="synthesis"/>
        <Attr Name="UsedIn" Val="simulation"/>
      </FileInfo>
    </File>
    <File Path="$PSRCDIR/sources_1/imports/Desktop/Ps2Interface.vhd">
      <FileInfo>
        <Attr Name="ImportPath" Val="$PPRDIR/../../../../../../../../../../../../../../../../CAPTCHA_CIRCLES.srcs/sources_1/imports/Desktop/Ps2Interface.vhd"/>
        <Attr Name="ImportTime" Val="1697455700"/>
        <Attr Name="UsedIn" Val="synthesis"/>
        <Attr Name="UsedIn" Val="simulation"/>
      </FileInfo>
    </File>
    <File Path="$PSRCDIR/sources_1/new/CIRCLE_GENERATOR.v">
      <FileInfo>
        <Attr Name="ImportPath" Val="$PPRDIR/../../../../../../../../../../../../../../../../CAPTCHA_CIRCLES.srcs/sources_1/new/CIRCLE_GENERATOR.v"/>
        <Attr Name="ImportTime" Val="1699026040"/>
        <Attr Name="UsedIn" Val="synthesis"/>
        <Attr Name="UsedIn" Val="implementation"/>
        <Attr Name="UsedIn" Val="simulation"/>
      </FileInfo>
    </File>
    <File Path="$PSRCDIR/sources_1/new/DIST_CALC.v">
      <FileInfo>
        <Attr Name="ImportPath" Val="$PPRDIR/../../../../../../../../../../../../../../../../CAPTCHA_CIRCLES.srcs/sources_1/new/DIST_CALC.v"/>
        <Attr Name="ImportTime" Val="1698157126"/>
        <Attr Name="UsedIn" Val="synthesis"/>
        <Attr Name="UsedIn" Val="implementation"/>
        <Attr Name="UsedIn" Val="simulation"/>
      </FileInfo>
    </File>
    <File Path="$PSRCDIR/sources_1/new/INTEGRATOR_PLACEHOLDER.v">
      <FileInfo>
        <Attr Name="ImportPath" Val="$PPRDIR/../../../../../../../../../../../../../../../../CAPTCHA_CIRCLES.srcs/sources_1/new/INTEGRATOR_PLACEHOLDER.v"/>
        <Attr Name="ImportTime" Val="1699047372"/>
        <Attr Name="UsedIn" Val="synthesis"/>
        <Attr Name="UsedIn" Val="implementation"/>
        <Attr Name="UsedIn" Val="simulation"/>
      </FileInfo>
    </File>
    <File Path="$PSRCDIR/sources_1/new/CIRCLE_TOP.v">
      <FileInfo>
        <Attr Name="ImportPath" Val="$PPRDIR/../../../../../../../../../../../../../../../../CAPTCHA_CIRCLES.srcs/sources_1/new/CIRCLE_TOP.v"/>
        <Attr Name="ImportTime" Val="1699026025"/>
        <Attr Name="UsedIn" Val="synthesis"/>
        <Attr Name="UsedIn" Val="implementation"/>
        <Attr Name="UsedIn" Val="simulation"/>
      </FileInfo>
    </File>
    <File Path="$PSRCDIR/sources_1/new/CARTESIAN.v">
      <FileInfo>
        <Attr Name="ImportPath" Val="$PPRDIR/../../../../../../../../../../../../../../../../CAPTCHA_CIRCLES.srcs/sources_1/new/CARTESIAN.v"/>
        <Attr Name="ImportTime" Val="1698309112"/>
        <Attr Name="UsedIn" Val="synthesis"/>
        <Attr Name="UsedIn" Val="implementation"/>
        <Attr Name="UsedIn" Val="simulation"/>
      </FileInfo>
    </File>
    <File Path="$PSRCDIR/sources_1/new/MENU.v">
      <FileInfo>
        <Attr Name="ImportPath" Val="$PPRDIR/../../../../../../../../../../../../../../../../CAPTCHA_CIRCLES.srcs/sources_1/new/MENU.v"/>
        <Attr Name="ImportTime" Val="1699037386"/>
        <Attr Name="UsedIn" Val="synthesis"/>
        <Attr Name="UsedIn" Val="implementation"/>
        <Attr Name="UsedIn" Val="simulation"/>
      </FileInfo>
    </File>
    <File Path="$PSRCDIR/sources_1/new/coloured_pictures/coloured_pictures/Z.mem">
      <FileInfo>
        <Attr Name="ImportPath" Val="$PPRDIR/../../../../../../../../../../../../../../../../CAPTCHA_CIRCLES.srcs/sources_1/new/coloured_pictures/coloured_pictures/Z.mem"/>
        <Attr Name="ImportTime" Val="1699032858"/>
        <Attr Name="UsedIn" Val="synthesis"/>
        <Attr Name="UsedIn" Val="simulation"/>
      </FileInfo>
    </File>
    <File Path="$PSRCDIR/sources_1/new/coloured_pictures/coloured_pictures/P.mem">
      <FileInfo>
        <Attr Name="ImportPath" Val="$PPRDIR/../../../../../../../../../../../../../../../../CAPTCHA_CIRCLES.srcs/sources_1/new/coloured_pictures/coloured_pictures/P.mem"/>
        <Attr Name="ImportTime" Val="1699032858"/>
        <Attr Name="UsedIn" Val="synthesis"/>
        <Attr Name="UsedIn" Val="simulation"/>
      </FileInfo>
    </File>
    <File Path="$PSRCDIR/sources_1/new/coloured_pictures/coloured_pictures/F.mem">
      <FileInfo>
        <Attr Name="ImportPath" Val="$PPRDIR/../../../../../../../../../../../../../../../../CAPTCHA_CIRCLES.srcs/sources_1/new/coloured_pictures/coloured_pictures/F.mem"/>
        <Attr Name="ImportTime" Val="1699032858"/>
        <Attr Name="UsedIn" Val="synthesis"/>
        <Attr Name="UsedIn" Val="simulation"/>
      </FileInfo>
    </File>
    <File Path="$PSRCDIR/sources_1/new/black_and_white/black_and_white/1.mem">
      <FileInfo>
        <Attr Name="ImportPath" Val="$PPRDIR/../../../../../../../../../../../../../../../../CAPTCHA_CIRCLES.srcs/sources_1/new/black_and_white/black_and_white/1.mem"/>
        <Attr Name="ImportTime" Val="1699032848"/>
        <Attr Name="UsedIn" Val="synthesis"/>
        <Attr Name="UsedIn" Val="simulation"/>
      </FileInfo>
    </File>
    <File Path="$PSRCDIR/sources_1/new/black_and_white/black_and_white/16.mem">
      <FileInfo>
        <Attr Name="ImportPath" Val="$PPRDIR/../../../../../../../../../../../../../../../../CAPTCHA_CIRCLES.srcs/sources_1/new/black_and_white/black_and_white/16.mem"/>
        <Attr Name="ImportTime" Val="1699032849"/>
        <Attr Name="UsedIn" Val="synthesis"/>
        <Attr Name="UsedIn" Val="simulation"/>
      </FileInfo>
    </File>
    <File Path="$PSRCDIR/sources_1/new/coloured_pictures/coloured_pictures/Y.mem">
      <FileInfo>
        <Attr Name="ImportPath" Val="$PPRDIR/../../../../../../../../../../../../../../../../CAPTCHA_CIRCLES.srcs/sources_1/new/coloured_pictures/coloured_pictures/Y.mem"/>
        <Attr Name="ImportTime" Val="1699032858"/>
        <Attr Name="UsedIn" Val="synthesis"/>
        <Attr Name="UsedIn" Val="simulation"/>
      </FileInfo>
    </File>
    <File Path="$PSRCDIR/sources_1/new/black_and_white/black_and_white/Analysis.mem">
      <FileInfo>
        <Attr Name="ImportPath" Val="$PPRDIR/../../../../../../../../../../../../../../../../CAPTCHA_CIRCLES.srcs/sources_1/new/black_and_white/black_and_white/Analysis.mem"/>
        <Attr Name="ImportTime" Val="1699032848"/>
        <Attr Name="UsedIn" Val="synthesis"/>
        <Attr Name="UsedIn" Val="simulation"/>
      </FileInfo>
    </File>
    <File Path="$PSRCDIR/sources_1/new/black_and_white/black_and_white/9.mem">
      <FileInfo>
        <Attr Name="ImportPath" Val="$PPRDIR/../../../../../../../../../../../../../../../../CAPTCHA_CIRCLES.srcs/sources_1/new/black_and_white/black_and_white/9.mem"/>
        <Attr Name="ImportTime" Val="1699032848"/>
        <Attr Name="UsedIn" Val="synthesis"/>
        <Attr Name="UsedIn" Val="simulation"/>
      </FileInfo>
    </File>
    <File Path="$PSRCDIR/sources_1/new/coloured_pictures/coloured_pictures/Q.mem">
      <FileInfo>
        <Attr Name="ImportPath" Val="$PPRDIR/../../../../../../../../../../../../../../../../CAPTCHA_CIRCLES.srcs/sources_1/new/coloured_pictures/coloured_pictures/Q.mem"/>
        <Attr Name="ImportTime" Val="1699032858"/>
        <Attr Name="UsedIn" Val="synthesis"/>
        <Attr Name="UsedIn" Val="simulation"/>
      </FileInfo>
    </File>
    <File Path="$PSRCDIR/sources_1/new/black_and_white/black_and_white/0.mem">
      <FileInfo>
        <Attr Name="ImportPath" Val="$PPRDIR/../../../../../../../../../../../../../../../../CAPTCHA_CIRCLES.srcs/sources_1/new/black_and_white/black_and_white/0.mem"/>
        <Attr Name="ImportTime" Val="1699032848"/>
        <Attr Name="UsedIn" Val="synthesis"/>
        <Attr Name="UsedIn" Val="simulation"/>
      </FileInfo>
    </File>
    <File Path="$PSRCDIR/sources_1/new/coloured_pictures/coloured_pictures/R.mem">
      <FileInfo>
        <Attr Name="ImportPath" Val="$PPRDIR/../../../../../../../../../../../../../../../../CAPTCHA_CIRCLES.srcs/sources_1/new/coloured_pictures/coloured_pictures/R.mem"/>
        <Attr Name="ImportTime" Val="1699032858"/>
        <Attr Name="UsedIn" Val="synthesis"/>
        <Attr Name="UsedIn" Val="simulation"/>
      </FileInfo>
    </File>
    <File Path="$PSRCDIR/sources_1/new/coloured_pictures/coloured_pictures/E.mem">
      <FileInfo>
        <Attr Name="ImportPath" Val="$PPRDIR/../../../../../../../../../../../../../../../../CAPTCHA_CIRCLES.srcs/sources_1/new/coloured_pictures/coloured_pictures/E.mem"/>
        <Attr Name="ImportTime" Val="1699032858"/>
        <Attr Name="UsedIn" Val="synthesis"/>
        <Attr Name="UsedIn" Val="simulation"/>
      </FileInfo>
    </File>
    <File Path="$PSRCDIR/sources_1/new/coloured_pictures/coloured_pictures/I.mem">
      <FileInfo>
        <Attr Name="ImportPath" Val="$PPRDIR/../../../../../../../../../../../../../../../../CAPTCHA_CIRCLES.srcs/sources_1/new/coloured_pictures/coloured_pictures/I.mem"/>
        <Attr Name="ImportTime" Val="1699032858"/>
        <Attr Name="UsedIn" Val="synthesis"/>
        <Attr Name="UsedIn" Val="simulation"/>
      </FileInfo>
    </File>
    <File Path="$PSRCDIR/sources_1/new/black_and_white/black_and_white/3.mem">
      <FileInfo>
        <Attr Name="ImportPath" Val="$PPRDIR/../../../../../../../../../../../../../../../../CAPTCHA_CIRCLES.srcs/sources_1/new/black_and_white/black_and_white/3.mem"/>
        <Attr Name="ImportTime" Val="1699032848"/>
        <Attr Name="UsedIn" Val="synthesis"/>
        <Attr Name="UsedIn" Val="simulation"/>
      </FileInfo>
    </File>
    <File Path="$PSRCDIR/sources_1/new/coloured_pictures/coloured_pictures/N.mem">
      <FileInfo>
        <Attr Name="ImportPath" Val="$PPRDIR/../../../../../../../../../../../../../../../../CAPTCHA_CIRCLES.srcs/sources_1/new/coloured_pictures/coloured_pictures/N.mem"/>
        <Attr Name="ImportTime" Val="1699032858"/>
        <Attr Name="UsedIn" Val="synthesis"/>
        <Attr Name="UsedIn" Val="simulation"/>
      </FileInfo>
    </File>
    <File Path="$PSRCDIR/sources_1/new/black_and_white/black_and_white/14.mem">
      <FileInfo>
        <Attr Name="ImportPath" Val="$PPRDIR/../../../../../../../../../../../../../../../../CAPTCHA_CIRCLES.srcs/sources_1/new/black_and_white/black_and_white/14.mem"/>
        <Attr Name="ImportTime" Val="1699032849"/>
        <Attr Name="UsedIn" Val="synthesis"/>
        <Attr Name="UsedIn" Val="simulation"/>
      </FileInfo>
    </File>
    <File Path="$PSRCDIR/sources_1/new/coloured_pictures/coloured_pictures/W.mem">
      <FileInfo>
        <Attr Name="ImportPath" Val="$PPRDIR/../../../../../../../../../../../../../../../../CAPTCHA_CIRCLES.srcs/sources_1/new/coloured_pictures/coloured_pictures/W.mem"/>
        <Attr Name="ImportTime" Val="1699032858"/>
        <Attr Name="UsedIn" Val="synthesis"/>
        <Attr Name="UsedIn" Val="simulation"/>
      </FileInfo>
    </File>
    <File Path="$PSRCDIR/sources_1/new/coloured_pictures/coloured_pictures/H.mem">
      <FileInfo>
        <Attr Name="ImportPath" Val="$PPRDIR/../../../../../../../../../../../../../../../../CAPTCHA_CIRCLES.srcs/sources_1/new/coloured_pictures/coloured_pictures/H.mem"/>
        <Attr Name="ImportTime" Val="1699032858"/>
        <Attr Name="UsedIn" Val="synthesis"/>
        <Attr Name="UsedIn" Val="simulation"/>
      </FileInfo>
    </File>
    <File Path="$PSRCDIR/sources_1/new/coloured_pictures/coloured_pictures/keyboard-pixilart.mem">
      <FileInfo>
        <Attr Name="ImportPath" Val="$PPRDIR/../../../../../../../../../../../../../../../../CAPTCHA_CIRCLES.srcs/sources_1/new/coloured_pictures/coloured_pictures/keyboard-pixilart.mem"/>
        <Attr Name="ImportTime" Val="1699032858"/>
        <Attr Name="UsedIn" Val="synthesis"/>
        <Attr Name="UsedIn" Val="simulation"/>
      </FileInfo>
    </File>
    <File Path="$PSRCDIR/sources_1/new/coloured_pictures/coloured_pictures/O.mem">
      <FileInfo>
        <Attr Name="ImportPath" Val="$PPRDIR/../../../../../../../../../../../../../../../../CAPTCHA_CIRCLES.srcs/sources_1/new/coloured_pictures/coloured_pictures/O.mem"/>
        <Attr Name="ImportTime" Val="1699032858"/>
        <Attr Name="UsedIn" Val="synthesis"/>
        <Attr Name="UsedIn" Val="simulation"/>
      </FileInfo>
    </File>
    <File Path="$PSRCDIR/sources_1/new/black_and_white/black_and_white/human.mem">
      <FileInfo>
        <Attr Name="ImportPath" Val="$PPRDIR/../../../../../../../../../../../../../../../../CAPTCHA_CIRCLES.srcs/sources_1/new/black_and_white/black_and_white/human.mem"/>
        <Attr Name="ImportTime" Val="1699032848"/>
        <Attr Name="UsedIn" Val="synthesis"/>
        <Attr Name="UsedIn" Val="simulation"/>
      </FileInfo>
    </File>
    <File Path="$PSRCDIR/sources_1/new/black_and_white/black_and_white/15.mem">
      <FileInfo>
        <Attr Name="ImportPath" Val="$PPRDIR/../../../../../../../../../../../../../../../../CAPTCHA_CIRCLES.srcs/sources_1/new/black_and_white/black_and_white/15.mem"/>
        <Attr Name="ImportTime" Val="1699032849"/>
        <Attr Name="UsedIn" Val="synthesis"/>
        <Attr Name="UsedIn" Val="simulation"/>
      </FileInfo>
    </File>
    <File Path="$PSRCDIR/sources_1/new/coloured_pictures/coloured_pictures/G.mem">
      <FileInfo>
        <Attr Name="ImportPath" Val="$PPRDIR/../../../../../../../../../../../../../../../../CAPTCHA_CIRCLES.srcs/sources_1/new/coloured_pictures/coloured_pictures/G.mem"/>
        <Attr Name="ImportTime" Val="1699032858"/>
        <Attr Name="UsedIn" Val="synthesis"/>
        <Attr Name="UsedIn" Val="simulation"/>
      </FileInfo>
    </File>
    <File Path="$PSRCDIR/sources_1/new/black_and_white/black_and_white/2.mem">
      <FileInfo>
        <Attr Name="ImportPath" Val="$PPRDIR/../../../../../../../../../../../../../../../../CAPTCHA_CIRCLES.srcs/sources_1/new/black_and_white/black_and_white/2.mem"/>
        <Attr Name="ImportTime" Val="1699032848"/>
        <Attr Name="UsedIn" Val="synthesis"/>
        <Attr Name="UsedIn" Val="simulation"/>
      </FileInfo>
    </File>
    <File Path="$PSRCDIR/sources_1/new/coloured_pictures/coloured_pictures/X.mem">
      <FileInfo>
        <Attr Name="ImportPath" Val="$PPRDIR/../../../../../../../../../../../../../../../../CAPTCHA_CIRCLES.srcs/sources_1/new/coloured_pictures/coloured_pictures/X.mem"/>
        <Attr Name="ImportTime" Val="1699032858"/>
        <Attr Name="UsedIn" Val="synthesis"/>
        <Attr Name="UsedIn" Val="simulation"/>
      </FileInfo>
    </File>
    <File Path="$PSRCDIR/sources_1/new/black_and_white/black_and_white/12.mem">
      <FileInfo>
        <Attr Name="ImportPath" Val="$PPRDIR/../../../../../../../../../../../../../../../../CAPTCHA_CIRCLES.srcs/sources_1/new/black_and_white/black_and_white/12.mem"/>
        <Attr Name="ImportTime" Val="1699032849"/>
        <Attr Name="UsedIn" Val="synthesis"/>
        <Attr Name="UsedIn" Val="simulation"/>
      </FileInfo>
    </File>
    <File Path="$PSRCDIR/sources_1/new/coloured_pictures/coloured_pictures/U.mem">
      <FileInfo>
        <Attr Name="ImportPath" Val="$PPRDIR/../../../../../../../../../../../../../../../../CAPTCHA_CIRCLES.srcs/sources_1/new/coloured_pictures/coloured_pictures/U.mem"/>
        <Attr Name="ImportTime" Val="1699032857"/>
        <Attr Name="UsedIn" Val="synthesis"/>
        <Attr Name="UsedIn" Val="simulation"/>
      </FileInfo>
    </File>
    <File Path="$PSRCDIR/sources_1/new/coloured_pictures/coloured_pictures/K.mem">
      <FileInfo>
        <Attr Name="ImportPath" Val="$PPRDIR/../../../../../../../../../../../../../../../../CAPTCHA_CIRCLES.srcs/sources_1/new/coloured_pictures/coloured_pictures/K.mem"/>
        <Attr Name="ImportTime" Val="1699032858"/>
        <Attr Name="UsedIn" Val="synthesis"/>
        <Attr Name="UsedIn" Val="simulation"/>
      </FileInfo>
    </File>
    <File Path="$PSRCDIR/sources_1/new/coloured_pictures/coloured_pictures/B.mem">
      <FileInfo>
        <Attr Name="ImportPath" Val="$PPRDIR/../../../../../../../../../../../../../../../../CAPTCHA_CIRCLES.srcs/sources_1/new/coloured_pictures/coloured_pictures/B.mem"/>
        <Attr Name="ImportTime" Val="1699032857"/>
        <Attr Name="UsedIn" Val="synthesis"/>
        <Attr Name="UsedIn" Val="simulation"/>
      </FileInfo>
    </File>
    <File Path="$PSRCDIR/sources_1/new/black_and_white/black_and_white/5.mem">
      <FileInfo>
        <Attr Name="ImportPath" Val="$PPRDIR/../../../../../../../../../../../../../../../../CAPTCHA_CIRCLES.srcs/sources_1/new/black_and_white/black_and_white/5.mem"/>
        <Attr Name="ImportTime" Val="1699032848"/>
        <Attr Name="UsedIn" Val="synthesis"/>
        <Attr Name="UsedIn" Val="simulation"/>
      </FileInfo>
    </File>
    <File Path="$PSRCDIR/sources_1/new/coloured_pictures/coloured_pictures/L.mem">
      <FileInfo>
        <Attr Name="ImportPath" Val="$PPRDIR/../../../../../../../../../../../../../../../../CAPTCHA_CIRCLES.srcs/sources_1/new/coloured_pictures/coloured_pictures/L.mem"/>
        <Attr Name="ImportTime" Val="1699032858"/>
        <Attr Name="UsedIn" Val="synthesis"/>
        <Attr Name="UsedIn" Val="simulation"/>
      </FileInfo>
    </File>
    <File Path="$PSRCDIR/sources_1/new/coloured_pictures/coloured_pictures/J.mem">
      <FileInfo>
        <Attr Name="ImportPath" Val="$PPRDIR/../../../../../../../../../../../../../../../../CAPTCHA_CIRCLES.srcs/sources_1/new/coloured_pictures/coloured_pictures/J.mem"/>
        <Attr Name="ImportTime" Val="1699032858"/>
        <Attr Name="UsedIn" Val="synthesis"/>
        <Attr Name="UsedIn" Val="simulation"/>
      </FileInfo>
    </File>
    <File Path="$PSRCDIR/sources_1/new/black_and_white/black_and_white/bot.mem">
      <FileInfo>
        <Attr Name="ImportPath" Val="$PPRDIR/../../../../../../../../../../../../../../../../CAPTCHA_CIRCLES.srcs/sources_1/new/black_and_white/black_and_white/bot.mem"/>
        <Attr Name="ImportTime" Val="1699032848"/>
        <Attr Name="UsedIn" Val="synthesis"/>
        <Attr Name="UsedIn" Val="simulation"/>
      </FileInfo>
    </File>
    <File Path="$PSRCDIR/sources_1/new/coloured_pictures/coloured_pictures/M.mem">
      <FileInfo>
        <Attr Name="ImportPath" Val="$PPRDIR/../../../../../../../../../../../../../../../../CAPTCHA_CIRCLES.srcs/sources_1/new/coloured_pictures/coloured_pictures/M.mem"/>
        <Attr Name="ImportTime" Val="1699032858"/>
        <Attr Name="UsedIn" Val="synthesis"/>
        <Attr Name="UsedIn" Val="simulation"/>
      </FileInfo>
    </File>
    <File Path="$PSRCDIR/sources_1/new/black_and_white/black_and_white/13.mem">
      <FileInfo>
        <Attr Name="ImportPath" Val="$PPRDIR/../../../../../../../../../../../../../../../../CAPTCHA_CIRCLES.srcs/sources_1/new/black_and_white/black_and_white/13.mem"/>
        <Attr Name="ImportTime" Val="1699032849"/>
        <Attr Name="UsedIn" Val="synthesis"/>
        <Attr Name="UsedIn" Val="simulation"/>
      </FileInfo>
    </File>
    <File Path="$PSRCDIR/sources_1/new/coloured_pictures/coloured_pictures/A.mem">
      <FileInfo>
        <Attr Name="ImportPath" Val="$PPRDIR/../../../../../../../../../../../../../../../../CAPTCHA_CIRCLES.srcs/sources_1/new/coloured_pictures/coloured_pictures/A.mem"/>
        <Attr Name="ImportTime" Val="1699032858"/>
        <Attr Name="UsedIn" Val="synthesis"/>
        <Attr Name="UsedIn" Val="simulation"/>
      </FileInfo>
    </File>
    <File Path="$PSRCDIR/sources_1/new/black_and_white/black_and_white/4.mem">
      <FileInfo>
        <Attr Name="ImportPath" Val="$PPRDIR/../../../../../../../../../../../../../../../../CAPTCHA_CIRCLES.srcs/sources_1/new/black_and_white/black_and_white/4.mem"/>
        <Attr Name="ImportTime" Val="1699032848"/>
        <Attr Name="UsedIn" Val="synthesis"/>
        <Attr Name="UsedIn" Val="simulation"/>
      </FileInfo>
    </File>
    <File Path="$PSRCDIR/sources_1/new/coloured_pictures/coloured_pictures/V.mem">
      <FileInfo>
        <Attr Name="ImportPath" Val="$PPRDIR/../../../../../../../../../../../../../../../../CAPTCHA_CIRCLES.srcs/sources_1/new/coloured_pictures/coloured_pictures/V.mem"/>
        <Attr Name="ImportTime" Val="1699032858"/>
        <Attr Name="UsedIn" Val="synthesis"/>
        <Attr Name="UsedIn" Val="simulation"/>
      </FileInfo>
    </File>
    <File Path="$PSRCDIR/sources_1/new/coloured_pictures/coloured_pictures/D.mem">
      <FileInfo>
        <Attr Name="ImportPath" Val="$PPRDIR/../../../../../../../../../../../../../../../../CAPTCHA_CIRCLES.srcs/sources_1/new/coloured_pictures/coloured_pictures/D.mem"/>
        <Attr Name="ImportTime" Val="1699032858"/>
        <Attr Name="UsedIn" Val="synthesis"/>
        <Attr Name="UsedIn" Val="simulation"/>
      </FileInfo>
    </File>
    <File Path="$PSRCDIR/sources_1/new/black_and_white/black_and_white/8.mem">
      <FileInfo>
        <Attr Name="ImportPath" Val="$PPRDIR/../../../../../../../../../../../../../../../../CAPTCHA_CIRCLES.srcs/sources_1/new/black_and_white/black_and_white/8.mem"/>
        <Attr Name="ImportTime" Val="1699032848"/>
        <Attr Name="UsedIn" Val="synthesis"/>
        <Attr Name="UsedIn" Val="simulation"/>
      </FileInfo>
    </File>
    <File Path="$PSRCDIR/sources_1/new/black_and_white/black_and_white/10.mem">
      <FileInfo>
        <Attr Name="ImportPath" Val="$PPRDIR/../../../../../../../../../../../../../../../../CAPTCHA_CIRCLES.srcs/sources_1/new/black_and_white/black_and_white/10.mem"/>
        <Attr Name="ImportTime" Val="1699032849"/>
        <Attr Name="UsedIn" Val="synthesis"/>
        <Attr Name="UsedIn" Val="simulation"/>
      </FileInfo>
    </File>
    <File Path="$PSRCDIR/sources_1/new/coloured_pictures/coloured_pictures/S.mem">
      <FileInfo>
        <Attr Name="ImportPath" Val="$PPRDIR/../../../../../../../../../../../../../../../../CAPTCHA_CIRCLES.srcs/sources_1/new/coloured_pictures/coloured_pictures/S.mem"/>
        <Attr Name="ImportTime" Val="1699032858"/>
        <Attr Name="UsedIn" Val="synthesis"/>
        <Attr Name="UsedIn" Val="simulation"/>
      </FileInfo>
    </File>
    <File Path="$PSRCDIR/sources_1/new/PARAMETERS.vh">
      <FileInfo>
        <Attr Name="ImportPath" Val="$PPRDIR/../../../../../../../../../../../../../../../../CAPTCHA_CIRCLES.srcs/sources_1/new/PARAMETERS.vh"/>
        <Attr Name="ImportTime" Val="1699030879"/>
        <Attr Name="UsedIn" Val="synthesis"/>
        <Attr Name="UsedIn" Val="simulation"/>
      </FileInfo>
    </File>
    <File Path="$PSRCDIR/sources_1/new/coloured_pictures/coloured_pictures/T.mem">
      <FileInfo>
        <Attr Name="ImportPath" Val="$PPRDIR/../../../../../../../../../../../../../../../../CAPTCHA_CIRCLES.srcs/sources_1/new/coloured_pictures/coloured_pictures/T.mem"/>
        <Attr Name="ImportTime" Val="1699032858"/>
        <Attr Name="UsedIn" Val="synthesis"/>
        <Attr Name="UsedIn" Val="simulation"/>
      </FileInfo>
    </File>
    <File Path="$PSRCDIR/sources_1/new/black_and_white/black_and_white/11.mem">
      <FileInfo>
        <Attr Name="ImportPath" Val="$PPRDIR/../../../../../../../../../../../../../../../../CAPTCHA_CIRCLES.srcs/sources_1/new/black_and_white/black_and_white/11.mem"/>
        <Attr Name="ImportTime" Val="1699032849"/>
        <Attr Name="UsedIn" Val="synthesis"/>
        <Attr Name="UsedIn" Val="simulation"/>
      </FileInfo>
    </File>
    <File Path="$PSRCDIR/sources_1/new/black_and_white/black_and_white/7.mem">
      <FileInfo>
        <Attr Name="ImportPath" Val="$PPRDIR/../../../../../../../../../../../../../../../../CAPTCHA_CIRCLES.srcs/sources_1/new/black_and_white/black_and_white/7.mem"/>
        <Attr Name="ImportTime" Val="1699032848"/>
        <Attr Name="UsedIn" Val="synthesis"/>
        <Attr Name="UsedIn" Val="simulation"/>
      </FileInfo>
    </File>
    <File Path="$PSRCDIR/sources_1/new/black_and_white/black_and_white/6.mem">
      <FileInfo>
        <Attr Name="ImportPath" Val="$PPRDIR/../../../../../../../../../../../../../../../../CAPTCHA_CIRCLES.srcs/sources_1/new/black_and_white/black_and_white/6.mem"/>
        <Attr Name="ImportTime" Val="1699032848"/>
        <Attr Name="UsedIn" Val="synthesis"/>
        <Attr Name="UsedIn" Val="simulation"/>
      </FileInfo>
    </File>
    <File Path="$PSRCDIR/sources_1/new/coloured_pictures/coloured_pictures/C.mem">
      <FileInfo>
        <Attr Name="ImportPath" Val="$PPRDIR/../../../../../../../../../../../../../../../../CAPTCHA_CIRCLES.srcs/sources_1/new/coloured_pictures/coloured_pictures/C.mem"/>
        <Attr Name="ImportTime" Val="1699032857"/>
        <Attr Name="UsedIn" Val="synthesis"/>
        <Attr Name="UsedIn" Val="simulation"/>
      </FileInfo>
    </File>
    <File Path="$PSRCDIR/sources_1/new/COORDINATE_SQUARE_MAPPER.v">
      <FileInfo>
        <Attr Name="ImportPath" Val="$PPRDIR/../../../../../../../../../../../../../../../../CAPTCHA_CIRCLES.srcs/sources_1/new/COORDINATE_SQUARE_MAPPER.v"/>
        <Attr Name="ImportTime" Val="1699030815"/>
        <Attr Name="UsedIn" Val="synthesis"/>
        <Attr Name="UsedIn" Val="implementation"/>
        <Attr Name="UsedIn" Val="simulation"/>
      </FileInfo>
    </File>
    <File Path="$PSRCDIR/sources_1/new/CHARACTER_GENERATOR.v">
      <FileInfo>
        <Attr Name="ImportPath" Val="$PPRDIR/../../../../../../../../../../../../../../../../CAPTCHA_CIRCLES.srcs/sources_1/new/CHARACTER_GENERATOR.v"/>
        <Attr Name="ImportTime" Val="1699030815"/>
        <Attr Name="UsedIn" Val="synthesis"/>
        <Attr Name="UsedIn" Val="implementation"/>
        <Attr Name="UsedIn" Val="simulation"/>
      </FileInfo>
    </File>
    <File Path="$PSRCDIR/sources_1/new/counter_100ms.v">
      <FileInfo>
        <Attr Name="ImportPath" Val="$PPRDIR/../../../../../../../../../../../../../../../../CAPTCHA_CIRCLES.srcs/sources_1/new/counter_100ms.v"/>
        <Attr Name="ImportTime" Val="1699032950"/>
        <Attr Name="UsedIn" Val="synthesis"/>
        <Attr Name="UsedIn" Val="implementation"/>
        <Attr Name="UsedIn" Val="simulation"/>
      </FileInfo>
    </File>
    <File Path="$PSRCDIR/sources_1/new/SQUARE_COORDINATE_MAPPER.v">
      <FileInfo>
        <Attr Name="ImportPath" Val="$PPRDIR/../../../../../../../../../../../../../../../../CAPTCHA_CIRCLES.srcs/sources_1/new/SQUARE_COORDINATE_MAPPER.v"/>
        <Attr Name="ImportTime" Val="1699030818"/>
        <Attr Name="UsedIn" Val="synthesis"/>
        <Attr Name="UsedIn" Val="implementation"/>
        <Attr Name="UsedIn" Val="simulation"/>
      </FileInfo>
    </File>
    <File Path="$PSRCDIR/sources_1/new/border_control.v">
      <FileInfo>
        <Attr Name="ImportPath" Val="$PPRDIR/../../../../../../../../../../../../../../../../CAPTCHA_CIRCLES.srcs/sources_1/new/border_control.v"/>
        <Attr Name="ImportTime" Val="1699032947"/>
        <Attr Name="UsedIn" Val="synthesis"/>
        <Attr Name="UsedIn" Val="implementation"/>
        <Attr Name="UsedIn" Val="simulation"/>
      </FileInfo>
    </File>
    <File Path="$PSRCDIR/sources_1/new/MOUSE_SERIAL_RETRIEVAL.v">
      <FileInfo>
        <Attr Name="ImportPath" Val="$PPRDIR/../../../../../../../../../../../../../../../../CAPTCHA_CIRCLES.srcs/sources_1/new/MOUSE_SERIAL_RETRIEVAL.v"/>
        <Attr Name="ImportTime" Val="1699030842"/>
        <Attr Name="UsedIn" Val="synthesis"/>
        <Attr Name="UsedIn" Val="implementation"/>
        <Attr Name="UsedIn" Val="simulation"/>
      </FileInfo>
    </File>
    <File Path="$PSRCDIR/sources_1/new/ANIMATION_RESULT.v">
      <FileInfo>
        <Attr Name="ImportPath" Val="$PPRDIR/../../../../../../../../../../../../../../../../CAPTCHA_CIRCLES.srcs/sources_1/new/ANIMATION_RESULT.v"/>
        <Attr Name="ImportTime" Val="1699043008"/>
        <Attr Name="UsedIn" Val="synthesis"/>
        <Attr Name="UsedIn" Val="implementation"/>
        <Attr Name="UsedIn" Val="simulation"/>
      </FileInfo>
    </File>
    <File Path="$PSRCDIR/sources_1/new/ANIMATION_FIRST.v">
      <FileInfo>
        <Attr Name="ImportPath" Val="$PPRDIR/../../../../../../../../../../../../../../../../CAPTCHA_CIRCLES.srcs/sources_1/new/ANIMATION_FIRST.v"/>
        <Attr Name="ImportTime" Val="1699041121"/>
        <Attr Name="UsedIn" Val="synthesis"/>
        <Attr Name="UsedIn" Val="implementation"/>
        <Attr Name="UsedIn" Val="simulation"/>
      </FileInfo>
    </File>
    <File Path="$PSRCDIR/sources_1/new/ANIMATION.v">
      <FileInfo>
        <Attr Name="ImportPath" Val="$PPRDIR/../../../../../../../../../../../../../../../../CAPTCHA_CIRCLES.srcs/sources_1/new/ANIMATION.v"/>
        <Attr Name="ImportTime" Val="1699043131"/>
        <Attr Name="UsedIn" Val="synthesis"/>
        <Attr Name="UsedIn" Val="implementation"/>
        <Attr Name="UsedIn" Val="simulation"/>
      </FileInfo>
    </File>
    <File Path="$PSRCDIR/sources_1/new/arrow_control.v">
      <FileInfo>
        <Attr Name="ImportPath" Val="$PPRDIR/../../../../../../../../../../../../../../../../CAPTCHA_CIRCLES.srcs/sources_1/new/arrow_control.v"/>
        <Attr Name="ImportTime" Val="1699038072"/>
        <Attr Name="UsedIn" Val="synthesis"/>
        <Attr Name="UsedIn" Val="implementation"/>
        <Attr Name="UsedIn" Val="simulation"/>
      </FileInfo>
    </File>
    <File Path="$PSRCDIR/sources_1/new/CAPTCHA_2.v">
      <FileInfo>
        <Attr Name="ImportPath" Val="$PPRDIR/../../../../../../../../../../../../../../../../CAPTCHA_CIRCLES.srcs/sources_1/new/CAPTCHA_2.v"/>
        <Attr Name="ImportTime" Val="1699032937"/>
        <Attr Name="UsedIn" Val="synthesis"/>
        <Attr Name="UsedIn" Val="implementation"/>
        <Attr Name="UsedIn" Val="simulation"/>
      </FileInfo>
    </File>
    <File Path="$PSRCDIR/sources_1/new/Random_Arrow_Generator.v">
      <FileInfo>
        <Attr Name="ImportPath" Val="$PPRDIR/../../../../../../../../../../../../../../../../CAPTCHA_CIRCLES.srcs/sources_1/new/Random_Arrow_Generator.v"/>
        <Attr Name="ImportTime" Val="1699032941"/>
        <Attr Name="UsedIn" Val="synthesis"/>
        <Attr Name="UsedIn" Val="implementation"/>
        <Attr Name="UsedIn" Val="simulation"/>
      </FileInfo>
    </File>
    <File Path="$PSRCDIR/sources_1/new/PIXEL_INPUT_MANAGER.v">
      <FileInfo>
        <Attr Name="ImportPath" Val="$PPRDIR/../../../../../../../../../../../../../../../../CAPTCHA_CIRCLES.srcs/sources_1/new/PIXEL_INPUT_MANAGER.v"/>
        <Attr Name="ImportTime" Val="1699030846"/>
        <Attr Name="UsedIn" Val="synthesis"/>
        <Attr Name="UsedIn" Val="implementation"/>
        <Attr Name="UsedIn" Val="simulation"/>
      </FileInfo>
    </File>
    <File Path="$PSRCDIR/sources_1/new/ANIMATION_SECOND.v">
      <FileInfo>
        <Attr Name="ImportPath" Val="$PPRDIR/../../../../../../../../../../../../../../../../CAPTCHA_CIRCLES.srcs/sources_1/new/ANIMATION_SECOND.v"/>
        <Attr Name="ImportTime" Val="1699030839"/>
        <Attr Name="UsedIn" Val="synthesis"/>
        <Attr Name="UsedIn" Val="implementation"/>
        <Attr Name="UsedIn" Val="simulation"/>
      </FileInfo>
    </File>
    <File Path="$PSRCDIR/sources_1/new/Geodesics.v">
      <FileInfo>
        <Attr Name="ImportPath" Val="$PPRDIR/../../../../../../../../../../../../../../../../CAPTCHA_CIRCLES.srcs/sources_1/new/Geodesics.v"/>
        <Attr Name="ImportTime" Val="1699047433"/>
        <Attr Name="UsedIn" Val="synthesis"/>
        <Attr Name="UsedIn" Val="implementation"/>
        <Attr Name="UsedIn" Val="simulation"/>
      </FileInfo>
    </File>
    <File Path="$PSRCDIR/sources_1/imports/CAPTCHA_CIRCLES/archive_project_summary.txt">
      <FileInfo>
        <Attr Name="ImportPath" Val="$PPRDIR/../../../../archive_project_summary.txt"/>
        <Attr Name="ImportTime" Val="1699078633"/>
      </FileInfo>
    </File>
    <File Path="$PSRCDIR/sources_1/new/coloured_pictures/coloured_pictures/result.mem">
      <FileInfo>
        <Attr Name="ImportPath" Val="$PPRDIR/../../../../CAPTCHA_CIRCLES.srcs/sources_1/new/coloured_pictures/coloured_pictures/result.mem"/>
        <Attr Name="ImportTime" Val="1699080899"/>
        <Attr Name="UsedIn" Val="synthesis"/>
        <Attr Name="UsedIn" Val="simulation"/>
      </FileInfo>
    </File>
    <Config>
      <Option Name="DesignMode" Val="RTL"/>
      <Option Name="TopModule" Val="INTEGRATOR_PLACEHOLDER"/>
    </Config>
  </FileSet>
  <FileSet Name="constrs_in" Type="Constrs" RelSrcDir="$PSRCDIR/constrs_1">
    <Filter Type="Constrs"/>
    <File Path="$PSRCDIR/constrs_1/new/CAPTCHA_Constraints.xdc">
      <FileInfo>
        <Attr Name="ImportPath" Val="$PPRDIR/../../../../../../../../../../../../../../../../CAPTCHA_CIRCLES.srcs/constrs_1/new/CAPTCHA_Constraints.xdc"/>
        <Attr Name="ImportTime" Val="1699039105"/>
        <Attr Name="UsedIn" Val="synthesis"/>
        <Attr Name="UsedIn" Val="implementation"/>
      </FileInfo>
    </File>
    <Config>
      <Option Name="ConstrsType" Val="XDC"/>
    </Config>
  </FileSet>
  <Strategy Version="1" Minor="2">
    <StratHandle Name="Vivado Synthesis Defaults" Flow="Vivado Synthesis 2018"/>
    <Step Id="synth_design"/>
  </Strategy>
</GenRun>
