<?xml version="1.0" encoding="UTF-8"?>
<GenRun Id="impl_1" LaunchPart="xc7a35tcpg236-1" LaunchTime="1698919865">
  <File Type="ROUTE-PWR" Name="INTEGRATOR_PLACEHOLDER_power_routed.rpt"/>
  <File Type="PA-TCL" Name="INTEGRATOR_PLACEHOLDER.tcl"/>
  <File Type="BITSTR-BMM" Name="INTEGRATOR_PLACEHOLDER_bd.bmm"/>
  <File Type="ROUTE-PWR-SUM" Name="INTEGRATOR_PLACEHOLDER_power_summary_routed.pb"/>
  <File Type="REPORTS-TCL" Name="INTEGRATOR_PLACEHOLDER_reports.tcl"/>
  <File Type="OPT-DCP" Name="INTEGRATOR_PLACEHOLDER_opt.dcp"/>
  <File Type="OPT-DRC" Name="INTEGRATOR_PLACEHOLDER_drc_opted.rpt"/>
  <File Type="OPT-HWDEF" Name="INTEGRATOR_PLACEHOLDER.hwdef"/>
  <File Type="PWROPT-DCP" Name="INTEGRATOR_PLACEHOLDER_pwropt.dcp"/>
  <File Type="PLACE-DCP" Name="INTEGRATOR_PLACEHOLDER_placed.dcp"/>
  <File Type="PLACE-IO" Name="INTEGRATOR_PLACEHOLDER_io_placed.rpt"/>
  <File Type="PLACE-UTIL" Name="INTEGRATOR_PLACEHOLDER_utilization_placed.rpt"/>
  <File Type="PLACE-UTIL-PB" Name="INTEGRATOR_PLACEHOLDER_utilization_placed.pb"/>
  <File Type="PLACE-CTRL" Name="INTEGRATOR_PLACEHOLDER_control_sets_placed.rpt"/>
  <File Type="PLACE-PRE-SIMILARITY" Name="INTEGRATOR_PLACEHOLDER_incremental_reuse_pre_placed.rpt"/>
  <File Type="BG-BGN" Name="INTEGRATOR_PLACEHOLDER.bgn"/>
  <File Type="POSTPLACE-PWROPT-DCP" Name="INTEGRATOR_PLACEHOLDER_postplace_pwropt.dcp"/>
  <File Type="BG-BIN" Name="INTEGRATOR_PLACEHOLDER.bin"/>
  <File Type="PHYSOPT-DCP" Name="INTEGRATOR_PLACEHOLDER_physopt.dcp"/>
  <File Type="BITSTR-MSK" Name="INTEGRATOR_PLACEHOLDER.msk"/>
  <File Type="ROUTE-ERROR-DCP" Name="INTEGRATOR_PLACEHOLDER_routed_error.dcp"/>
  <File Type="ROUTE-DCP" Name="INTEGRATOR_PLACEHOLDER_routed.dcp"/>
  <File Type="ROUTE-BLACKBOX-DCP" Name="INTEGRATOR_PLACEHOLDER_routed_bb.dcp"/>
  <File Type="ROUTE-DRC" Name="INTEGRATOR_PLACEHOLDER_drc_routed.rpt"/>
  <File Type="ROUTE-DRC-PB" Name="INTEGRATOR_PLACEHOLDER_drc_routed.pb"/>
  <File Type="ROUTE-DRC-RPX" Name="INTEGRATOR_PLACEHOLDER_drc_routed.rpx"/>
  <File Type="BITSTR-LTX" Name="INTEGRATOR_PLACEHOLDER.ltx"/>
  <File Type="ROUTE-METHODOLOGY-DRC" Name="INTEGRATOR_PLACEHOLDER_methodology_drc_routed.rpt"/>
  <File Type="BITSTR-MMI" Name="INTEGRATOR_PLACEHOLDER.mmi"/>
  <File Type="ROUTE-METHODOLOGY-DRC-RPX" Name="INTEGRATOR_PLACEHOLDER_methodology_drc_routed.rpx"/>
  <File Type="ROUTE-METHODOLOGY-DRC-PB" Name="INTEGRATOR_PLACEHOLDER_methodology_drc_routed.pb"/>
  <File Type="BITSTR-SYSDEF" Name="INTEGRATOR_PLACEHOLDER.sysdef"/>
  <File Type="ROUTE-PWR-RPX" Name="INTEGRATOR_PLACEHOLDER_power_routed.rpx"/>
  <File Type="ROUTE-STATUS" Name="INTEGRATOR_PLACEHOLDER_route_status.rpt"/>
  <File Type="ROUTE-STATUS-PB" Name="INTEGRATOR_PLACEHOLDER_route_status.pb"/>
  <File Type="ROUTE-TIMINGSUMMARY" Name="INTEGRATOR_PLACEHOLDER_timing_summary_routed.rpt"/>
  <File Type="ROUTE-TIMING-PB" Name="INTEGRATOR_PLACEHOLDER_timing_summary_routed.pb"/>
  <File Type="ROUTE-TIMING-RPX" Name="INTEGRATOR_PLACEHOLDER_timing_summary_routed.rpx"/>
  <File Type="ROUTE-CLK" Name="INTEGRATOR_PLACEHOLDER_clock_utilization_routed.rpt"/>
  <File Type="ROUTE-BUS-SKEW" Name="INTEGRATOR_PLACEHOLDER_bus_skew_routed.rpt"/>
  <File Type="ROUTE-BUS-SKEW-PB" Name="INTEGRATOR_PLACEHOLDER_bus_skew_routed.pb"/>
  <File Type="ROUTE-BUS-SKEW-RPX" Name="INTEGRATOR_PLACEHOLDER_bus_skew_routed.rpx"/>
  <File Type="POSTROUTE-PHYSOPT-DCP" Name="INTEGRATOR_PLACEHOLDER_postroute_physopt.dcp"/>
  <File Type="POSTROUTE-PHYSOPT-BLACKBOX-DCP" Name="INTEGRATOR_PLACEHOLDER_postroute_physopt_bb.dcp"/>
  <File Type="BG-BIT" Name="INTEGRATOR_PLACEHOLDER.bit"/>
  <File Type="BITSTR-RBT" Name="INTEGRATOR_PLACEHOLDER.rbt"/>
  <File Type="BITSTR-NKY" Name="INTEGRATOR_PLACEHOLDER.nky"/>
  <File Type="BG-DRC" Name="INTEGRATOR_PLACEHOLDER.drc"/>
  <File Type="RDI-RDI" Name="INTEGRATOR_PLACEHOLDER.vdi"/>
  <File Type="WBT-USG" Name="usage_statistics_webtalk.html"/>
  <FileSet Name="sources" Type="DesignSrcs" RelSrcDir="$PSRCDIR/sources_1">
    <Filter Type="Srcs"/>
    <File Path="$PSRCDIR/sources_1/new/CLICK_DETECTOR.v">
      <FileInfo>
        <Attr Name="ImportPath" Val="$PPRDIR/../../../../CAPTCHA_CIRCLES.srcs/sources_1/new/CLICK_DETECTOR.v"/>
        <Attr Name="ImportTime" Val="1698918754"/>
        <Attr Name="UsedIn" Val="synthesis"/>
        <Attr Name="UsedIn" Val="implementation"/>
        <Attr Name="UsedIn" Val="simulation"/>
      </FileInfo>
    </File>
    <File Path="$PSRCDIR/sources_1/new/CLOCK_DIVIDER.v">
      <FileInfo>
        <Attr Name="ImportPath" Val="$PPRDIR/../../../../CAPTCHA_CIRCLES.srcs/sources_1/new/CLOCK_DIVIDER.v"/>
        <Attr Name="ImportTime" Val="1698036719"/>
        <Attr Name="UsedIn" Val="synthesis"/>
        <Attr Name="UsedIn" Val="implementation"/>
        <Attr Name="UsedIn" Val="simulation"/>
      </FileInfo>
    </File>
    <File Path="$PSRCDIR/sources_1/new/DISCOMBOBULATOR.v">
      <FileInfo>
        <Attr Name="ImportPath" Val="$PPRDIR/../../../../CAPTCHA_CIRCLES.srcs/sources_1/new/DISCOMBOBULATOR.v"/>
        <Attr Name="ImportTime" Val="1698913240"/>
        <Attr Name="UsedIn" Val="synthesis"/>
        <Attr Name="UsedIn" Val="implementation"/>
        <Attr Name="UsedIn" Val="simulation"/>
      </FileInfo>
    </File>
    <File Path="$PSRCDIR/sources_1/new/LFSR.v">
      <FileInfo>
        <Attr Name="ImportPath" Val="$PPRDIR/../../../../CAPTCHA_CIRCLES.srcs/sources_1/new/LFSR.v"/>
        <Attr Name="ImportTime" Val="1698680821"/>
        <Attr Name="UsedIn" Val="synthesis"/>
        <Attr Name="UsedIn" Val="implementation"/>
        <Attr Name="UsedIn" Val="simulation"/>
      </FileInfo>
    </File>
    <File Path="$PSRCDIR/sources_1/new/OLED_MANAGER.v">
      <FileInfo>
        <Attr Name="ImportPath" Val="$PPRDIR/../../../../CAPTCHA_CIRCLES.srcs/sources_1/new/OLED_MANAGER.v"/>
        <Attr Name="ImportTime" Val="1698916646"/>
        <Attr Name="UsedIn" Val="synthesis"/>
        <Attr Name="UsedIn" Val="implementation"/>
        <Attr Name="UsedIn" Val="simulation"/>
      </FileInfo>
    </File>
    <File Path="$PSRCDIR/sources_1/imports/Desktop/Oled_Display.v">
      <FileInfo>
        <Attr Name="ImportPath" Val="$PPRDIR/../../../../CAPTCHA_CIRCLES.srcs/sources_1/imports/Desktop/Oled_Display.v"/>
        <Attr Name="ImportTime" Val="1697455700"/>
        <Attr Name="UsedIn" Val="synthesis"/>
        <Attr Name="UsedIn" Val="implementation"/>
        <Attr Name="UsedIn" Val="simulation"/>
      </FileInfo>
    </File>
    <File Path="$PSRCDIR/sources_1/new/RIPPLES.v">
      <FileInfo>
        <Attr Name="ImportPath" Val="$PPRDIR/../../../../CAPTCHA_CIRCLES.srcs/sources_1/new/RIPPLES.v"/>
        <Attr Name="ImportTime" Val="1698913534"/>
        <Attr Name="UsedIn" Val="synthesis"/>
        <Attr Name="UsedIn" Val="implementation"/>
        <Attr Name="UsedIn" Val="simulation"/>
      </FileInfo>
    </File>
    <File Path="$PSRCDIR/sources_1/imports/Desktop/Mouse_Control.vhd">
      <FileInfo>
        <Attr Name="ImportPath" Val="$PPRDIR/../../../../CAPTCHA_CIRCLES.srcs/sources_1/imports/Desktop/Mouse_Control.vhd"/>
        <Attr Name="ImportTime" Val="1698919381"/>
        <Attr Name="UsedIn" Val="synthesis"/>
        <Attr Name="UsedIn" Val="simulation"/>
      </FileInfo>
    </File>
    <File Path="$PSRCDIR/sources_1/imports/Desktop/Ps2Interface.vhd">
      <FileInfo>
        <Attr Name="ImportPath" Val="$PPRDIR/../../../../CAPTCHA_CIRCLES.srcs/sources_1/imports/Desktop/Ps2Interface.vhd"/>
        <Attr Name="ImportTime" Val="1697455700"/>
        <Attr Name="UsedIn" Val="synthesis"/>
        <Attr Name="UsedIn" Val="simulation"/>
      </FileInfo>
    </File>
    <File Path="$PSRCDIR/sources_1/new/CIRCLE_GENERATOR.v">
      <FileInfo>
        <Attr Name="ImportPath" Val="$PPRDIR/../../../../CAPTCHA_CIRCLES.srcs/sources_1/new/CIRCLE_GENERATOR.v"/>
        <Attr Name="ImportTime" Val="1698918736"/>
        <Attr Name="UsedIn" Val="synthesis"/>
        <Attr Name="UsedIn" Val="implementation"/>
        <Attr Name="UsedIn" Val="simulation"/>
      </FileInfo>
    </File>
    <File Path="$PSRCDIR/sources_1/new/DIST_CALC.v">
      <FileInfo>
        <Attr Name="ImportPath" Val="$PPRDIR/../../../../CAPTCHA_CIRCLES.srcs/sources_1/new/DIST_CALC.v"/>
        <Attr Name="ImportTime" Val="1698157126"/>
        <Attr Name="UsedIn" Val="synthesis"/>
        <Attr Name="UsedIn" Val="implementation"/>
        <Attr Name="UsedIn" Val="simulation"/>
      </FileInfo>
    </File>
    <File Path="$PSRCDIR/sources_1/new/INTEGRATOR_PLACEHOLDER.v">
      <FileInfo>
        <Attr Name="ImportPath" Val="$PPRDIR/../../../../CAPTCHA_CIRCLES.srcs/sources_1/new/INTEGRATOR_PLACEHOLDER.v"/>
        <Attr Name="ImportTime" Val="1698919416"/>
        <Attr Name="UsedIn" Val="synthesis"/>
        <Attr Name="UsedIn" Val="implementation"/>
        <Attr Name="UsedIn" Val="simulation"/>
      </FileInfo>
    </File>
    <File Path="$PSRCDIR/sources_1/new/CIRCLE_TOP.v">
      <FileInfo>
        <Attr Name="ImportPath" Val="$PPRDIR/../../../../CAPTCHA_CIRCLES.srcs/sources_1/new/CIRCLE_TOP.v"/>
        <Attr Name="ImportTime" Val="1698918792"/>
        <Attr Name="UsedIn" Val="synthesis"/>
        <Attr Name="UsedIn" Val="implementation"/>
        <Attr Name="UsedIn" Val="simulation"/>
      </FileInfo>
    </File>
    <File Path="$PSRCDIR/sources_1/new/CARTESIAN.v">
      <FileInfo>
        <Attr Name="ImportPath" Val="$PPRDIR/../../../../CAPTCHA_CIRCLES.srcs/sources_1/new/CARTESIAN.v"/>
        <Attr Name="ImportTime" Val="1698309112"/>
        <Attr Name="UsedIn" Val="synthesis"/>
        <Attr Name="UsedIn" Val="implementation"/>
        <Attr Name="UsedIn" Val="simulation"/>
      </FileInfo>
    </File>
    <Config>
      <Option Name="DesignMode" Val="RTL"/>
      <Option Name="TopModule" Val="INTEGRATOR_PLACEHOLDER"/>
    </Config>
  </FileSet>
  <FileSet Name="constrs_in" Type="Constrs" RelSrcDir="$PSRCDIR/constrs_1">
    <Filter Type="Constrs"/>
    <File Path="$PSRCDIR/constrs_1/new/CAPTCHA_Constraints.xdc">
      <FileInfo>
        <Attr Name="ImportPath" Val="$PPRDIR/../../../../CAPTCHA_CIRCLES.srcs/constrs_1/new/CAPTCHA_Constraints.xdc"/>
        <Attr Name="ImportTime" Val="1698671338"/>
        <Attr Name="UsedIn" Val="synthesis"/>
        <Attr Name="UsedIn" Val="implementation"/>
      </FileInfo>
    </File>
    <Config>
      <Option Name="ConstrsType" Val="XDC"/>
    </Config>
  </FileSet>
  <Strategy Version="1" Minor="2">
    <StratHandle Name="Vivado Implementation Defaults" Flow="Vivado Implementation 2018"/>
    <Step Id="init_design"/>
    <Step Id="opt_design"/>
    <Step Id="power_opt_design"/>
    <Step Id="place_design"/>
    <Step Id="post_place_power_opt_design"/>
    <Step Id="phys_opt_design"/>
    <Step Id="route_design"/>
    <Step Id="post_route_phys_opt_design"/>
    <Step Id="write_bitstream"/>
  </Strategy>
</GenRun>
