<?xml version="1.0" encoding="UTF-8"?>
<GenRun Id="synth_1" LaunchPart="xc7a35tcpg236-1" LaunchTime="1698919865">
  <File Type="PA-TCL" Name="INTEGRATOR_PLACEHOLDER.tcl"/>
  <File Type="REPORTS-TCL" Name="INTEGRATOR_PLACEHOLDER_reports.tcl"/>
  <File Type="RDS-RDS" Name="INTEGRATOR_PLACEHOLDER.vds"/>
  <File Type="RDS-UTIL" Name="INTEGRATOR_PLACEHOLDER_utilization_synth.rpt"/>
  <File Type="RDS-UTIL-PB" Name="INTEGRATOR_PLACEHOLDER_utilization_synth.pb"/>
  <File Type="RDS-DCP" Name="INTEGRATOR_PLACEHOLDER.dcp"/>
  <FileSet Name="sources" Type="DesignSrcs" RelSrcDir="$PSRCDIR/sources_1">
    <Filter Type="Srcs"/>
    <File Path="$PSRCDIR/sources_1/new/CLICK_DETECTOR.v">
      <FileInfo>
        <Attr Name="ImportPath" Val="$PPRDIR/../../../../CAPTCHA_CIRCLES.srcs/sources_1/new/CLICK_DETECTOR.v"/>
        <Attr Name="ImportTime" Val="1698918754"/>
        <Attr Name="UsedIn" Val="synthesis"/>
        <Attr Name="UsedIn" Val="implementation"/>
        <Attr Name="UsedIn" Val="simulation"/>
      </FileInfo>
    </File>
    <File Path="$PSRCDIR/sources_1/new/CLOCK_DIVIDER.v">
      <FileInfo>
        <Attr Name="ImportPath" Val="$PPRDIR/../../../../CAPTCHA_CIRCLES.srcs/sources_1/new/CLOCK_DIVIDER.v"/>
        <Attr Name="ImportTime" Val="1698036719"/>
        <Attr Name="UsedIn" Val="synthesis"/>
        <Attr Name="UsedIn" Val="implementation"/>
        <Attr Name="UsedIn" Val="simulation"/>
      </FileInfo>
    </File>
    <File Path="$PSRCDIR/sources_1/new/DISCOMBOBULATOR.v">
      <FileInfo>
        <Attr Name="ImportPath" Val="$PPRDIR/../../../../CAPTCHA_CIRCLES.srcs/sources_1/new/DISCOMBOBULATOR.v"/>
        <Attr Name="ImportTime" Val="1698913240"/>
        <Attr Name="UsedIn" Val="synthesis"/>
        <Attr Name="UsedIn" Val="implementation"/>
        <Attr Name="UsedIn" Val="simulation"/>
      </FileInfo>
    </File>
    <File Path="$PSRCDIR/sources_1/new/LFSR.v">
      <FileInfo>
        <Attr Name="ImportPath" Val="$PPRDIR/../../../../CAPTCHA_CIRCLES.srcs/sources_1/new/LFSR.v"/>
        <Attr Name="ImportTime" Val="1698680821"/>
        <Attr Name="UsedIn" Val="synthesis"/>
        <Attr Name="UsedIn" Val="implementation"/>
        <Attr Name="UsedIn" Val="simulation"/>
      </FileInfo>
    </File>
    <File Path="$PSRCDIR/sources_1/new/OLED_MANAGER.v">
      <FileInfo>
        <Attr Name="ImportPath" Val="$PPRDIR/../../../../CAPTCHA_CIRCLES.srcs/sources_1/new/OLED_MANAGER.v"/>
        <Attr Name="ImportTime" Val="1698916646"/>
        <Attr Name="UsedIn" Val="synthesis"/>
        <Attr Name="UsedIn" Val="implementation"/>
        <Attr Name="UsedIn" Val="simulation"/>
      </FileInfo>
    </File>
    <File Path="$PSRCDIR/sources_1/imports/Desktop/Oled_Display.v">
      <FileInfo>
        <Attr Name="ImportPath" Val="$PPRDIR/../../../../CAPTCHA_CIRCLES.srcs/sources_1/imports/Desktop/Oled_Display.v"/>
        <Attr Name="ImportTime" Val="1697455700"/>
        <Attr Name="UsedIn" Val="synthesis"/>
        <Attr Name="UsedIn" Val="implementation"/>
        <Attr Name="UsedIn" Val="simulation"/>
      </FileInfo>
    </File>
    <File Path="$PSRCDIR/sources_1/new/RIPPLES.v">
      <FileInfo>
        <Attr Name="ImportPath" Val="$PPRDIR/../../../../CAPTCHA_CIRCLES.srcs/sources_1/new/RIPPLES.v"/>
        <Attr Name="ImportTime" Val="1698913534"/>
        <Attr Name="UsedIn" Val="synthesis"/>
        <Attr Name="UsedIn" Val="implementation"/>
        <Attr Name="UsedIn" Val="simulation"/>
      </FileInfo>
    </File>
    <File Path="$PSRCDIR/sources_1/imports/Desktop/Mouse_Control.vhd">
      <FileInfo>
        <Attr Name="ImportPath" Val="$PPRDIR/../../../../CAPTCHA_CIRCLES.srcs/sources_1/imports/Desktop/Mouse_Control.vhd"/>
        <Attr Name="ImportTime" Val="1698919381"/>
        <Attr Name="UsedIn" Val="synthesis"/>
        <Attr Name="UsedIn" Val="simulation"/>
      </FileInfo>
    </File>
    <File Path="$PSRCDIR/sources_1/imports/Desktop/Ps2Interface.vhd">
      <FileInfo>
        <Attr Name="ImportPath" Val="$PPRDIR/../../../../CAPTCHA_CIRCLES.srcs/sources_1/imports/Desktop/Ps2Interface.vhd"/>
        <Attr Name="ImportTime" Val="1697455700"/>
        <Attr Name="UsedIn" Val="synthesis"/>
        <Attr Name="UsedIn" Val="simulation"/>
      </FileInfo>
    </File>
    <File Path="$PSRCDIR/sources_1/new/CIRCLE_GENERATOR.v">
      <FileInfo>
        <Attr Name="ImportPath" Val="$PPRDIR/../../../../CAPTCHA_CIRCLES.srcs/sources_1/new/CIRCLE_GENERATOR.v"/>
        <Attr Name="ImportTime" Val="1698918736"/>
        <Attr Name="UsedIn" Val="synthesis"/>
        <Attr Name="UsedIn" Val="implementation"/>
        <Attr Name="UsedIn" Val="simulation"/>
      </FileInfo>
    </File>
    <File Path="$PSRCDIR/sources_1/new/DIST_CALC.v">
      <FileInfo>
        <Attr Name="ImportPath" Val="$PPRDIR/../../../../CAPTCHA_CIRCLES.srcs/sources_1/new/DIST_CALC.v"/>
        <Attr Name="ImportTime" Val="1698157126"/>
        <Attr Name="UsedIn" Val="synthesis"/>
        <Attr Name="UsedIn" Val="implementation"/>
        <Attr Name="UsedIn" Val="simulation"/>
      </FileInfo>
    </File>
    <File Path="$PSRCDIR/sources_1/new/INTEGRATOR_PLACEHOLDER.v">
      <FileInfo>
        <Attr Name="ImportPath" Val="$PPRDIR/../../../../CAPTCHA_CIRCLES.srcs/sources_1/new/INTEGRATOR_PLACEHOLDER.v"/>
        <Attr Name="ImportTime" Val="1698919416"/>
        <Attr Name="UsedIn" Val="synthesis"/>
        <Attr Name="UsedIn" Val="implementation"/>
        <Attr Name="UsedIn" Val="simulation"/>
      </FileInfo>
    </File>
    <File Path="$PSRCDIR/sources_1/new/CIRCLE_TOP.v">
      <FileInfo>
        <Attr Name="ImportPath" Val="$PPRDIR/../../../../CAPTCHA_CIRCLES.srcs/sources_1/new/CIRCLE_TOP.v"/>
        <Attr Name="ImportTime" Val="1698918792"/>
        <Attr Name="UsedIn" Val="synthesis"/>
        <Attr Name="UsedIn" Val="implementation"/>
        <Attr Name="UsedIn" Val="simulation"/>
      </FileInfo>
    </File>
    <File Path="$PSRCDIR/sources_1/new/CARTESIAN.v">
      <FileInfo>
        <Attr Name="ImportPath" Val="$PPRDIR/../../../../CAPTCHA_CIRCLES.srcs/sources_1/new/CARTESIAN.v"/>
        <Attr Name="ImportTime" Val="1698309112"/>
        <Attr Name="UsedIn" Val="synthesis"/>
        <Attr Name="UsedIn" Val="implementation"/>
        <Attr Name="UsedIn" Val="simulation"/>
      </FileInfo>
    </File>
    <Config>
      <Option Name="DesignMode" Val="RTL"/>
      <Option Name="TopModule" Val="INTEGRATOR_PLACEHOLDER"/>
    </Config>
  </FileSet>
  <FileSet Name="constrs_in" Type="Constrs" RelSrcDir="$PSRCDIR/constrs_1">
    <Filter Type="Constrs"/>
    <File Path="$PSRCDIR/constrs_1/new/CAPTCHA_Constraints.xdc">
      <FileInfo>
        <Attr Name="ImportPath" Val="$PPRDIR/../../../../CAPTCHA_CIRCLES.srcs/constrs_1/new/CAPTCHA_Constraints.xdc"/>
        <Attr Name="ImportTime" Val="1698671338"/>
        <Attr Name="UsedIn" Val="synthesis"/>
        <Attr Name="UsedIn" Val="implementation"/>
      </FileInfo>
    </File>
    <Config>
      <Option Name="ConstrsType" Val="XDC"/>
    </Config>
  </FileSet>
  <Strategy Version="1" Minor="2">
    <StratHandle Name="Vivado Synthesis Defaults" Flow="Vivado Synthesis 2018"/>
    <Step Id="synth_design"/>
  </Strategy>
</GenRun>
